publish_date	key	price_yen	title
2022-09-09	n16a39f9d37ad	0	9月10日（土）平八的穴馬リスト
2022-09-10	nd591a28752eb	0	9月11日（日）平八的穴馬リスト
2022-09-16	n1ba180984e7e	0	2022.9.17（土）平八的注目馬・穴馬リスト
2022-09-18	n10fb54ade687	0	2022年９月１８日（日）平八的注目馬・穴馬リスト
2022-09-19	n214d36696ac3	0	2022年9月19日（月）平八的注目馬・穴馬リスト
2022-09-24	nf1ffa55d5dbf	0	9月24日(土)平八的穴馬・注目馬リスト
2022-09-25	n561ab46c5110	0	9月25日（日）平八的穴馬・注目馬リスト
2022-10-01	n340fc52606bf	0	2022年10月1日（土）平八的穴馬・注目馬
2022-10-02	n4ff2202649ff	0	2022年10月2日（日）平八的穴馬・注目馬
2022-10-08	n6e3bd828fa77	0	2022年10月8日(土）平八的穴馬・注目馬リスト
2022-10-09	nc161fd98c0ef	0	2022年10月9日（日）平八的穴馬・注目馬リスト
2022-10-10	nb4a3e2fd1d50	0	2022年10月10日平八的注目馬・穴馬リスト
2022-10-15	n9a4422c97d6a	0	2022年10月15日（土）平八的穴馬・注目リスト先週は
2022-10-16	nf6aec308e009	0	2022年10月16日（日）平八的穴馬・注目馬リスト
2022-10-22	n61489ac80330	0	2022/10/22（土）平八的穴馬・注目馬リスト
2022-10-23	n0812d976f01d	0	2022年10月23日（日）平八的穴馬・注目馬リスト
2022-10-29	nc05a5aa05b14	0	2022/10/29（土）平八的穴馬・注目馬リスト
2022-10-30	nfb4ed46a1c9a	0	2022/10/30(日)平八的穴馬・注目馬リスト
2022-11-05	na7d101c5d420	0	2022/11/5（土）平八的穴馬・注目馬リスト
2022-11-06	n59300902bbd2	0	2022/11/6（日）平八的穴馬・注目馬リスト
2022-11-12	n140040d9faf4	0	2022年11月12日（土）平八的穴馬・注目馬リスト
2022-11-13	n7a891b207f4a	0	2022年11月13日（日）平八的穴馬・注目馬リスト
2022-11-19	nc9977e9c0e8b	0	2022年11月19日（土）平八的穴馬・注目馬リスト
2022-11-20	n678fddab2e8d	0	2022年１１月20日（日）平八的穴馬・注目馬リスト
2022-11-26	nea69fecdcf9a	0	2022/11/26（土）平八的穴馬・注目馬リスト
2022-11-27	n0a727cd3c953	0	2022/11/27（日）平八的穴馬・注目馬リスト
2022-12-03	n789dae60f392	0	２０２２年１２月３日（土）平八的穴馬・注目馬リスト
2022-12-04	n10f2df7add14	0	2022年12月4日(日）平八的穴馬・注目馬リスト
2022-12-10	n07c2ca3efd6b	0	2022年12月10（土）平八的穴馬・注目馬リスト
2022-12-11	n2d7eccbd2159	0	２０２２年１２月１１日（日）平八的穴馬・注目馬リスト
2022-12-17	n0f249dc050d7	0	2022/12/17（土）平八的穴馬・注目馬リスト
2022-12-18	n598d593c2120	0	2022/12/18（日）平八的穴馬・注目馬リスト
2022-12-24	n08c726b274ee	0	2022/12/24（土）平八的穴馬・注目馬リスト
2022-12-25	n778859a890f1	0	2022年12月25日（日）平八的穴馬・注目馬リスト
2023-01-05	nc11b51aa6c8e	0	2023年1月5日（木）平八的穴馬・注目馬リスト
2023-01-07	n48035cc91ab6	0	2023年1月7日（土）平八的穴馬・注目馬リスト
2023-01-08	nca4ac6b99756	0	2023年1月8日（日）平八的穴馬・注目馬リスト
2023-01-09	n712bcd568a38	0	2023年１月9日（月）平八的穴馬・注目馬リスト
2023-01-14	n3e05d2451cbd	0	2023年1月14日（土）平八的穴馬・注目馬リスト
2023-01-15	n678f9e14d6c7	0	2023年1月15日（日）平八的穴馬・注目馬リスト
2023-01-21	n014e4f17c9a1	0	2023/01/21（土）平八的穴馬・注目馬リスト
2023-01-22	nd920f37cc08e	0	2023/01/22（日）平八的穴馬・注目馬リスト
2023-01-28	n792512ea4490	0	2023/1/28（土）平八的穴馬・注目馬リスト
2023-01-29	nfc7a0de91eda	0	2023/01/29(日）平八的穴馬・注目馬リスト
2023-02-04	nb04c7ea7f695	0	2023/02/04（土）平八的穴馬・注目馬リスト
2023-02-05	n98b8f0e13d47	0	2023/02/05（日）平八的穴馬・注目馬リスト
2023-02-11	n857d29a3714d	0	2023年2月11日（土）平八的穴馬・注目馬リスト
2023-02-12	n9a0760851d0c	0	2023/02/12平八的穴馬・注目馬リスト
2023-02-18	nb35db0ff730a	0	2023/02/18平八的穴馬・注目馬リスト
2023-02-19	ne5fb65574842	0	2023/02/19平八的穴馬・注目馬リスト
2023-02-25	nbc4a3e161448	0	2023/02/25平八的穴馬・注目馬リスト
2023-02-26	na31f14b1a527	0	2023/02/26平八的穴馬・注目馬リスト
2023-03-04	n2b8e68d345be	0	2023/3/4平八的穴馬・注目馬リスト
2023-03-05	nf822cb024907	0	2023/03/05平八的穴馬・注目馬リスト
2023-03-11	n2547845bd674	0	2023/03/11平八的穴馬・注目馬リスト
2023-03-12	ne0a8ef18e6fe	0	2023/03/12平八的穴馬・注目馬リスト
2023-03-18	n598484c7a71a	0	2023/03/18平八的穴馬・注目馬リスト
2023-03-19	n8a297edbcd7d	0	2023/03/19平八的穴馬・注目馬リスト
2023-03-25	n01609c7ba7a1	0	2023/03/25平八的穴馬・注目馬リスト
2023-03-26	nafc5d5bad743	0	2023/03/26平八的穴馬・注目馬リスト
2023-04-01	ndd83eb43db88	0	2023/04/01平八的穴馬・注目馬リスト
2023-04-02	na51bc0799b4a	0	2023年4月2日 平八的穴馬・注目馬リスト
2023-04-08	nbcf0836e4060	0	2023/04/08平八的穴馬・注目馬リスト
2023-04-09	n2256c5069058	0	2023/04/09平八的穴馬・注目馬リスト
2023-04-15	n305d51fc4277	0	2023/04/15平八的穴馬・注目馬リスト
2023-04-16	ne383fbc6562a	0	2023/04/16平八的穴馬・注目馬リスト
2023-04-22	n2b37daec5d3c	0	2023/04/23平八的穴馬・注目馬リスト
2023-04-23	n40bbe189227b	0	2023/04/23平八的穴馬・注目馬リスト
2023-04-29	n9f4ef67a5796	0	2023/04/29平八的穴馬・注目馬リスト
2023-04-30	n81b03a4196b4	0	2023/04/30平八的穴馬・注目馬リスト
2023-05-06	nec0fd51b8192	0	2023/05/06平八的穴馬・注目馬リスト
2023-05-07	n155d34027e88	0	2023/05/07平八的穴馬・注目馬リスト
2023-05-13	nfa06a48a6385	0	2023/05/13平八的穴馬・注目馬リスト
2023-05-14	nf5df0d0f134c	0	2023/05/14平八的穴馬・注目馬リスト
2023-05-20	n699e2baae5f7	0	2023/05/20平八的穴馬・注目馬リスト
2023-05-21	nf577a3fef6b5	0	2023/05/21平八的穴馬・注目馬リスト
2023-05-27	n51e240f8e0c6	0	2023/05/27平八的穴馬・注目馬リスト
2023-05-28	ne9059c0ef0c2	0	2023/5/28平八的穴馬・注目馬リスト
2023-06-03	n78a98750f1cc	0	2023/06/03平八的穴馬・注目馬リスト
2023-06-04	ndefc74f95043	0	2023/6/4平八的穴馬・注目馬リスト
2023-06-10	n392540b34e74	0	2023/06/10平八的穴馬・注目馬リスト
2023-06-11	nebd98d110ebd	0	2023/6/11平八的穴馬・注目馬リスト
2023-06-17	nc133492ffd94	0	2023/06/17平八的穴馬・注目馬リスト
2023-06-18	n43282c9a6d2e	0	2023/06/18平八的穴馬・注目馬リスト
2023-06-24	n6c534b080ccb	0	2023/06/24平八的穴馬・注目馬リスト
2023-06-25	n2ae38d1abfac	0	2023/06/25平八的穴馬・注目馬リスト
2023-07-01	nc748061fd782	0	2023/07/01平八的穴馬・注目馬リスト
2023-07-02	n12f88a443bc4	0	2023/07/02平八的穴馬・注目馬リスト
2023-07-08	n51b1b4448425	0	2023/07/08平八的穴馬・注目馬リスト
2023-07-09	n866d7564b5c6	0	2023/07/09平八的穴馬・注目馬リスト
2023-07-15	n328fb9d7dc19	0	2023/07/15平八的穴馬・注目馬リスト
2023-07-16	n9735706fb1dc	0	2023/07/16平八的穴馬・注目馬リスト
2023-07-22	n48a93f4e71bc	0	2023/07/22平八的穴馬・注目馬リスト
2023-07-23	n0bc5f54e78ef	0	2023/07/23平八的穴馬・注目馬
2023-07-29	nf88c5c31691a	0	2023/07/29平八的穴馬・注目馬リスト
2023-07-30	n5a8eb44b3096	0	2023/07/30平八的穴馬・注目馬リスト
2023-08-05	n7a6097faed06	0	20023/8/5平八的穴馬・注目馬リスト
2023-08-06	n4992968d2029	0	2023/08/06平八的穴馬・注目馬リスト
2023-08-12	n1682890cad5f	0	2023/08/12平八的穴馬注目馬リスト
2023-08-13	nf605d4db7673	0	2023/08/13平八的穴馬注目馬リスト
2023-08-19	n8b7277d8178a	0	2023/08/19平八的穴馬注目馬リスト
2023-08-20	nc4a0f2e619d4	0	2023/08/20平八的穴馬・注目馬リスト
2023-08-26	necf910e47e44	0	2023/08/26平八的穴馬・注目馬リスト
2023-08-27	n510b9ff3c6b6	0	2023/08/27平八的穴馬・注目馬リスト
2023-09-02	n7818a7675626	0	2023/09/02平八的穴馬・注目馬リスト
2023-09-03	nbb4bf54ae2eb	0	2023/09/03平八的穴馬・注目馬リスト
2023-09-09	n6cf9ea7c927b	0	2023/09/09平八的穴馬・注目馬リスト
2023-09-10	n807a224db602	0	2023/09/10平八的穴馬・注目馬リスト
2023-09-16	nb58866745e3a	0	2023/09/16平八的穴馬・注目馬リスト
2023-09-17	n6688fecd1a56	0	2023/09/17平八的穴馬注目馬リスト
2023-09-18	nafc0ae578e30	0	2023/09/18平八的穴馬・注目馬リスト
2023-09-23	n9ccf05cd30ce	0	2023/09/23平八的穴馬・注目馬リスト
2023-09-24	n0e386d258e7d	0	2023/09/24平八的穴馬・注目馬リスト
2023-09-30	n7333b9c7cdf1	0	2023/09/30平八的穴馬・注目馬リスト
2023-10-01	nf54bbf71211e	0	20023/10/01平八的穴馬・注目馬リスト
2023-10-07	n380786ce0f34	0	2023/10/07平八的穴馬・注目馬リスト
2023-10-08	n939204d22ee2	0	2023/10/08平八的穴馬・注目馬リスト
2023-10-09	n0095cc713b90	0	2023/10/09平八的穴馬・注目馬リスト
2023-10-14	n09433d050bf0	0	2023/10/14平八的穴馬・注目馬リスト
2023-10-15	n26ef7a0a548e	0	2023/10/15平八的穴馬・注目馬リスト
2023-10-21	nd7b2088ee095	0	2023/10/21平八的穴馬・注目馬リスト
2023-10-22	nef2758229fc4	0	2023/10/22平八的穴馬・注目馬リスト
2023-10-28	n51c115251113	0	2023/10/28平八的穴馬・注目馬リスト
2023-10-29	nc50a5211fc00	0	2023/10/29平八的穴馬・注目馬リスト
2023-11-04	nddeaeb02ace1	0	2023/11/04平八的穴馬・注目馬
2023-11-05	naab640335867	0	2023/11/05平八的穴馬・注目馬リスト
2023-11-11	n92fbc1a8ac26	0	2023/11/11平八的穴馬・注目馬リスト
2023-11-12	n8312aff2b790	0	2023/11/12平八的穴馬・注目馬リスト
2023-11-18	n7213c3e15f3f	0	2023/11/18平八的穴馬・注目馬リスト
2023-11-19	ncda2e4d4343d	0	2023/11/19平八的穴馬・注目馬リスト
2023-11-25	nf82fd1a5501b	0	2023/11/25平八的穴馬・注目馬リスト
2023-11-26	n4c47e716baef	0	2023/11/26平八的穴馬・注目馬リスト
2023-12-02	n153455eaa5b1	0	2023/12/02平八的穴馬・注目馬リスト
2023-12-03	nd7cb21560051	0	2023/12/03平八的穴馬・注目馬リスト
2023-12-09	ncb94e01195c7	0	2023/12/09平八的穴馬・注目馬リスト
2023-12-10	n550f208c204e	0	2023/12/10平八的穴馬・注目馬リスト
2023-12-16	na63b0a77eb2d	0	2023/12/16平八的穴馬・注目馬リスト
2023-12-17	n91d46f2beffc	0	2023/12/17平八的穴馬・注目馬リスト
2023-12-23	ndd70623d03cd	0	2023/12/23平八的穴馬・注目馬リスト
2023-12-24	n6e0659e57d84	0	2023/12/24平八的穴馬・注目馬リスト
2023-12-28	n856996d60b8a	0	2023/12/28平八的穴馬・注目馬リスト
2024-01-06	n5312d02a1c99	0	2024/01/06平八的穴馬・注目馬リスト
2024-01-07	n716e4e03b768	0	2024/01/07平八的穴馬・注目馬リスト
2024-01-08	n9143b7b81ed0	0	2024/01/08平八的穴馬・注目馬リスト
2024-01-13	n21aaf0400dd2	0	2024/01/13平八的穴馬・注目馬リスト
2024-01-14	n6b707104f73f	0	2024/01/14平八的穴馬・注目馬リスト
2024-01-20	n4550275a48b3	0	2024/01/20平八的穴馬・注目馬リスト
2024-01-21	na6a7c36eede0	0	2024/01/21平八的穴馬・注目馬リスト
2024-01-27	n58914b085a53	0	2024/01/27平八的穴馬・注目馬リスト
2024-01-28	nb0955cb11866	0	2024/01/28平八的穴馬・注目馬リスト
2024-02-03	n703c2c33b5b5	0	2024/02/03平八的穴馬・注目馬リスト
2024-02-04	nb3f253de8e64	0	2024/02/04平八的穴馬・注目馬リスト
2024-02-10	nf48856a32a9f	0	2024/02/10平八的穴馬・注目馬リスト
2024-02-11	nb5d522bab4b5	0	2024/02/11平八的穴馬・注目馬リスト
2024-02-17	nf7422e04ec24	0	2024/02/17 平八的穴馬・注目馬リスト
2024-02-18	n3ae7a620e1aa	0	2024/02/18平八的穴馬・注目馬リスト
2024-02-24	n65181f0cc478	0	2024/02/24平八的穴馬・注目馬リスト
2024-02-25	ndec281144c5f	0	2024/02/25平八的穴馬・注目馬リスト
2024-03-02	n905a24abecf6	0	2024/03/02平八的穴馬・注目馬リスト
2024-03-03	n036aca3ea737	0	2024/03/03平八的穴馬・注目馬リスト
2024-03-09	n3098b0e52973	0	2024/03/09平八的馬印
2024-03-10	n1ccd1be113dc	0	2024/03/10平八的馬印
2024-03-16	n90f5a97a6b27	0	2024/03/16平八的馬印
2024-03-17	n5d9b718f038a	0	2024/03/17平八的馬印
2024-03-23	nfd492c3e9150	0	2024/03/23平八的馬印
2024-03-24	nd16bba37b334	0	2024/3/24平八的馬印
2024-03-30	nc59119e6785d	0	2024/03/30平八的馬印
2024-03-31	n75d3e2258747	0	2024/03/31平八的馬印
2024-04-06	na2fa97bc8f69	0	2024/04/06平八的馬印
2024-04-07	n34c979c31de8	0	2024/04/07平八的馬印
2024-04-13	n5a006729d83d	0	2024/04/13平八的馬印
2024-04-14	n8434eae84090	0	2024/04/14平八的馬印
2024-04-20	n335468ab4771	500	2024/04/20平八的馬印
2024-04-21	nccdc2f56168d	500	20024/04/21平八的馬印
2024-04-27	nab4f341869fc	500	2024/04/27平八的馬印
2024-04-28	n4215b83e63f1	500	2024/04/28平八的馬印
2024-05-04	na4e268e165e1	500	2024/05/04平八的馬印
2024-05-05	ne5992f73f05d	500	2024/05/05平八的馬印
2024-05-11	n29395f74f6ee	500	2024/05/11平八的馬印
2024-05-12	nb02d86159ad2	500	2024/05/12平八的馬印
2024-05-18	nc070406282b6	500	2024/05/18平八的馬印
2024-05-19	n3a1b6518585f	500	2024/05/19平八的馬印
2024-05-25	nff3451a7fd63	500	2024/05/25平八的馬印
2024-05-26	ndef1fc0fdf57	0	2024/05/26平八的馬印
2024-06-01	n8771502d5c6b	500	2024/06/01平八的馬印
2024-06-02	nabec75b1e2bb	500	2024/06/02平八的馬印
2024-06-08	n461040d285e7	500	2024/06/08平八的馬印
2024-06-09	n3df9510df760	500	2024/06/09平八的馬印
2024-06-15	nce4db4f5d3a5	500	2024/06/15平八的馬印
2024-06-16	n3baccbeb9176	500	2024/06/16平八的馬印
2024-06-22	nabca4b253a76	500	2024/06/22平八的馬印
2024-06-23	ncc09e2f1a0ea	0	2026/06/23平八的馬印
2024-06-29	n9be39ef05b1f	0	2024/06/29平八的馬印
2024-06-30	n6b9b32a653d3	0	2024/06/30平八的馬印
2024-07-06	nd61d63a298e9	0	2024/07/06平八的馬印
2024-07-07	n88001a65aecc	0	2024/07/07平八的馬印
2024-07-13	n66bbdf418568	0	2024/07/13平八的馬印
2024-07-14	nf0eb63801bbf	0	2024/07/14平八的馬印
2024-07-20	n051566c2cb8c	0	2024/07/20平八的馬印
2024-07-21	nae790c48356a	0	2024/07/21平八的馬印
2024-07-27	n7907f41e4fe3	0	2024/07/27平八的馬印
2024-07-28	n4fa423d4fcdf	0	2024/07/28平八的馬印
2024-08-03	n5418f38baf63	0	2024/08/03平八的馬印
2024-08-04	nc76bfb6ac947	0	2024/08/04平八的馬印
2024-08-10	n79d4e0d7c1ab	0	2024/08/10平八的馬印
2024-08-11	n0cf478d40d62	0	2024/08/11平八的馬印
2024-08-17	naa4ac18d436d	0	2024/08/17平八的馬印
2024-08-18	nfd69836d28f5	0	2024/08/18平八的馬印
2024-08-24	nca21c1e38c4e	0	2024/08/24平八的馬印
2024-08-25	n1f8bfc6df268	0	2024/08/25平八的馬印
2024-08-31	n4b9d61892eba	0	2024/08/31　平八的馬印
2024-09-01	n14266b4a9a3f	0	2024/09/01　平八的馬印
2024-09-07	n16bc854f41e8	0	2024/09/07 平八的馬印
2024-09-08	ne86de57887ea	0	2024/09/08　平八的馬印
2024-09-14	n1a8cfbf386a3	0	2024/09/14 平八的馬印
2024-09-15	nbc37b2f80e87	0	2024/09/15 平八的馬印
2024-09-16	n272fa3894e7c	0	2024/09/16 平八的馬印
2024-09-21	ndd86862cf86e	0	２０２４/０９/21 平八的馬印
2024-09-22	n8f06e952dcd5	0	2024/09/22　平八的馬印
2024-09-28	nf97a8e4d0ccd	0	2024/09/28 平八的馬印
2024-09-29	n8e537f2ea146	0	2024/09/29 平八的馬印
2024-10-05	n9749994ace11	0	2024/10/05　平八的馬印
2024-10-06	n76c26750e9be	0	2024/10/06　平八的馬印
2024-10-12	nfe48e47d1be6	0	2024/10/12 平八的馬印
2024-10-13	n60d7ad2fd99e	0	2024/10/13　平八的馬印
2024-10-14	na07b73e5bc54	0	2024/10/14 平八的馬印
2024-10-19	n27ddcf9e4dd2	0	2024/10/19 平八的馬印
2024-10-20	nd0d5cba1a547	0	2024/10/20　平八的馬印
2024-10-26	n63a6d415b9ac	0	2024/10/26　平八的馬印
2024-10-27	n1dbfcc7b3feb	0	2024/10/27　平八的馬印
2024-11-02	n354f9ddc1448	0	2024/11/02 平八的馬印
2024-11-03	nc2f6e3189f8f	0	2024/11/03 平八的馬印
2024-11-09	n809c235955ae	0	2024/11/09　平八的馬印
2024-11-10	n5a3584d5b2b2	0	2024/11/10　平八的馬印
2024-11-16	n5e8ce32947f3	0	2024/11/16 平八的馬印
2024-11-17	n1248cabd4cd2	0	2024/11/17 平八的馬印
2024-11-23	n243ef1eeec24	0	2024/11/23　平八的馬印
2024-11-24	nb450a868c395	0	2024/11/24平八的馬印
2024-11-30	n028808f0a084	0	2024/11/30 平八的馬印
2024-12-01	n3be2f58625a5	0	2024/12/1　平八的馬印
2024-12-07	ncf1097f09fd2	0	2024/12/07　平八的馬印
2024-12-08	na93548ea3eee	0	2024/12/08　平八的馬印
2024-12-14	ne4a6cf9dd646	0	2024/12/14　平八的馬印
2024-12-15	n6c9e60fa0757	0	2024/12/15 平八的馬印
2024-12-21	n48a84ec86970	0	2024/12/21 平八的馬印
2024-12-22	nea7c440cf6bb	0	2024/12/22 平八的馬印
2024-12-28	n6ebd92cf4a22	0	2024/12/28 平八的馬印
2025-01-05	n9a67bf6685fe	0	2025/01/05 平八的馬印
2025-01-06	n643267ac55db	0	2024/01/06　平八的馬印
2025-01-11	nc849353dda9c	0	2025/01/11　平八的馬印
2025-01-12	nd1486a4bcad1	0	2025/01/12　平八的馬印
2025-01-13	n175c75a34b61	0	2025/01/13 平八的馬印
2025-01-18	n219426efd40b	0	2025/01/18　平八的馬印
2025-01-19	n6938f3006875	0	2025/01/19 平八的馬印本日分
2025-01-25	n08d52c957b80	0	2024/01/25　平八的馬印
2025-01-26	n5c041f38e66c	0	2025/01/26　平八的馬印
2025-02-01	na019a7b5916e	0	2025/02/01　平八的馬印
2025-02-02	n2f9d97d53f94	0	2025/02/02　平八的馬印
2025-02-08	n36377981f8ed	0	2025/02/08　平八的馬印
2025-02-09	n2d2f37509a55	0	2025/02/09　平八的馬印
2025-02-10	nbd1b6875308d	0	2025/02/10 
2025-02-15	nf62959b4c93e	0	2025/02/15　平八的馬印
2025-02-16	n57e42a158264	0	2025/02/16 平八的馬印
2025-02-22	n4d512a13c466	0	2025/02/22 平八的馬印
2025-02-23	n569a9b2acf54	0	2025/02/23　平八的馬印
2025-03-01	n0f666fec48a9	0	2025/03/01　平八的馬印
2025-03-02	n01539d27ff4b	0	2025/03/02　平八的馬印
2025-03-08	nf840765d8abd	0	2025/03/08　平八的馬印
2025-03-09	n8c1ca8db5e5d	0	2025/03/09 平八的馬印
2025-03-15	naae4c9ebc73f	0	2025/03/15 平八的馬印
2025-03-16	n66009edebb8e	0	2025/03/16 平八的馬印
2025-03-22	n5252373a9ae2	0	2025/03/22 平八的馬印
2025-03-23	n628a1330bfa9	0	2025/03/23　平八的馬印
2025-03-29	n40fb12cb9ac9	0	2025/03/29　平八的馬印
2025-03-30	n97b0aedd8e88	0	2025/03/30 平八的馬印
2025-04-05	nf5643cbb7cfb	0	2025/04/05 平八的馬印
2025-04-06	n4ecd5a6d56c2	0	2025/04/06 平八的馬印
2025-04-12	nc60207c5b8d7	0	2025/04/12 平八的馬印
2025-04-13	n670805c09d2b	0	2025/04/13　平八的馬印
2025-04-19	nf27de0eeaeed	0	2025/04/19 平八的馬印
2025-04-20	n006f548b6458	0	2025/04/20 平八的馬印
2025-04-26	n8a26e6885a87	0	2025/04/26 平八的馬印
2025-04-27	n57b5f0168763	0	2025/04/27　平八的馬印
2025-05-03	n0eb2810a0e13	0	2025/05/03　平八的馬印
2025-05-04	nb1853ea4e9f7	0	2025/05/04 平八的馬印
2025-05-10	nf64c43369588	0	2025/05/10 平八的馬印
2025-05-11	nb7abe820e90b	0	2025/05/11 平八的馬印
2025-05-17	nc9d346e0e367	0	2025/05/17 平八的馬印
2025-05-18	na69d064cb441	500	2025/05/18　平八的馬印
2025-05-24	n2b536c3b0a78	500	2025/05/24 平八的馬印
2025-05-25	ne98e0828bae2	500	2025/05/25　平八的馬印
2025-05-31	n3955f4e4de99	500	2025/05/31 平八的馬印
2025-06-01	n07570c5f8ad9	0	2025/06/01 平八的馬印
2025-06-07	n0879ebd90e94	500	2025/06/07 
2025-06-08	n2de808b3e5b8	500	2025/06/08 平八的馬印
2025-06-14	n31dc24099539	500	2025/06/14 平八的馬印
2025-06-15	n543097265f6d	0	2025/06/15　平八的馬印
2025-06-16	n93673267a579	0	6月17日限定バースデー穴馬オプチャ開催
2025-06-21	n8a6530323bfd	0	2025/06/21 平八的馬印
2025-06-22	n632a697444cd	0	2025/06/22　平八的馬印
2025-06-28	n66b5921d5592	0	2025/06/28　平八的馬印
2025-06-29	n427ee773497f	0	2025/06/29　平八的馬印
2025-07-05	nf392108257a9	0	2025/07/05 平八的馬印
2025-07-06	n1368df22d83f	0	2025/07/06　平八的馬印
2025-07-10	n7cb09bdfabec	200	2025/07/10 川崎競馬の穴馬
2025-07-11	n162fb76ecdfd	300	2025/07/11　川崎・園田の穴馬
2025-07-12	n49d56bb215fd	0	2025/07/12 平八的馬印
2025-07-13	n119e93a37929	0	2025/07/13　平八的馬印
2025-07-19	n589c61e767b1	0	2025/07/19　平八的馬印
2025-07-20	n542da5d990a8	0	2025/07/20 平八的馬印
2025-07-26	n63e36a021fce	0	2025/07/26　平八的馬印
2025-07-27	need7ae99761c	0	2025/07/27 平八的馬印
2025-08-02	n93e4acbf3e2c	0	2025/08/02　平八的馬印
2025-08-03	n8d13d81696b3	0	2025/08/03　平八的馬印
2025-08-09	n0437fa6baa19	0	2025/08/08　平八的馬印
2025-08-10	n299d6d034583	0	2025/08/10　平八的馬印
2025-08-16	n0c0dd8bb84a9	0	2025/08/16　平八的馬印
2025-08-17	n63720b288aef	0	2025/08/17　平八的馬印
2025-08-23	ndcd7b8dbc569	0	2025/08/23　平八的馬印
2025-08-24	n4376fece7f9a	0	2025/08/24　平八的馬印
2025-08-30	n70c39f70d51d	0	2025/08/30　平八的馬印
2025-08-31	nf00015ebe398	0	2025/08/31　平八的馬印
2025-09-01	n01b406bf2939	400	2025/09/01　大井競馬後半の穴馬
2025-09-06	nbdeaccb757b3	0	2025/09/06 平八的馬印
2025-09-07	n1ef3a312867d	0	2025/09/07　平八的馬印
2025-09-13	nd97d0a18f0b7	0	2025/09/13 平八的馬印
2025-09-14	n331b50eeb3ae	0	2025/09/14 平八的馬印
2025-09-15	n1960aa693316	0	2025/09/15　平八的馬印
2025-09-20	nf67df8007b12	0	2025/09/20 平八的馬印
2025-09-21	n09c4eeda6d4e	0	2025/09/21 平八的馬印
2025-09-27	n170577543e32	0	20025/09/27 平八的馬印
2025-09-28	n4467b9422d49	0	2025/09/28 平八的馬印
2025-10-04	n4f55f8c27bed	0	2025/10/04 平八的馬印
2025-10-05	nc874f7bb1d67	0	2025/10/05 平八的馬印
2025-10-11	n8bb3f864a1e3	0	2025/10/11　平八的馬印
2025-10-12	n5099387feb56	0	２０２５/10/12平八的馬印
2025-10-13	n41cb85bf4f82	0	2025/10/13　平八的馬印
2025-10-18	nc9457bdff674	0	2025/10/18 平八的馬印
2025-10-19	ne555b2411e5f	0	2025/10/19　平八的馬印
2025-10-25	nd4fef4062b44	0	2025/10/25　平八的馬印
2025-10-26	na8dbbf3bdfa5	0	2025/10/26　平八的馬印
2025-11-01	n9ff4a237d54b	0	2025/11/01 平八的馬印
2025-11-02	ndefc772ed389	0	2025/11/02 平八的馬印
2025-11-08	nbfb69c3c8d55	0	2025/11/08平八的馬印
2025-11-09	nbae123e95f2f	0	2025/11/09　平八的馬印
2025-11-15	n22b5fb3750f2	0	2025/11/15　平八的馬印
2025-11-16	n2fe8f31eebb8	0	2025/11/16　平八的馬印
2025-11-22	nb3c2b50d6ce3	0	2025/11/22 平八的馬印
2025-11-23	ndb002d66c70d	0	2025/11/23　平八的馬印
2025-11-24	n10daa0f57d9f	0	2025/11/24　平八的馬印
2025-11-29	n3f279416bb68	0	2025/11/29　平八的馬印
2025-12-06	n512d705f8e12	0	2025/12/06 平八的馬印
2025-12-07	n3974e047570b	0	20025/12/07　平八的馬印
2025-12-13	nf774314e0d23	0	2025/12/13 平八的馬印
2025-12-20	n7cbe3c91c50f	0	2025/12/20　平八的馬印
2025-12-21	n6a204b4db485	0	2025/12/21　平八的馬印
2025-12-27	n7f2124a8f9d3	0	2025/12/27 平八的馬印
2025-12-28	n125c53cf2b57	0	2025/12/28 平八的馬連
2025-12-28	nb10914697a2c	0	2025/12/28 平八的馬印
2026-01-04	n38b815788895	0	2026/01/04 平八的馬印
2026-01-10	na18a6ebfd027	0	2026/01/10　平八的馬印
2026-01-12	n72eafc2b906d	0	2026/01/12　平八的馬印
2026-01-13	n6123fe5e13f6	0	新春無料穴馬オプチャのお知らせ
2026-01-17	na9f267ce64fc	0	2026/01/17 平八的馬印
2026-01-18	nac5790d0a759	0	2026/01/18　平八的馬印
2026-01-24	n432b6599354b	0	2026/01/24　平八的馬印
2026-01-25	na4948ed1d373	0	2026/01/25　平八的馬印
2026-01-31	n849d1ca5ec4b	0	2026/01/31 平八的馬印
2026-02-01	n4ddd654c767a	0	2026/02/01　平八的馬印
2026-02-07	nbfe1598d9ba2	0	2026/02/07 平八的馬印
2026-02-08	nd9c6695720de	0	2026/02/08 平八的馬印
2026-02-10	n7055368465b4	0	2026/02/10 平八的馬印
2026-02-14	nffa76fa6a00e	0	2026/02/14 平八的馬印
2026-02-15	nf9a3c6c95041	0	2026/02/15 平八的馬印
2026-02-21	nec272a2c08cc	0	2026/02/21 平八的馬印
2026-02-22	n9308f1c04404	0	2026/02/22 平八的馬印
2026-02-28	n2a9db922c5bc	0	2026/02/28 平八的馬印
2026-03-01	n311fd0080cd4	0	2026/03/01　平八的馬印
2026-03-07	nfbd6da7cda64	0	2026/03/07 平八的馬印
2026-03-08	n80fe0713b7e0	0	2026/03/08 平八的馬印
2026-03-14	n474f52d8f911	0	2026/03/14　平八的馬印
2026-03-15	nf982a297aace	0	2026/03/15　平八的馬印
2026-03-21	n516a0211cc6c	0	2026/03/21 平八的馬印
2026-03-22	nadbb5e7524a5	0	2026/03/22　平八的馬印
2026-03-28	ne0088040361d	0	2026/03/28 平八的馬印
2026-03-29	nee349e66527b	0	2026/03/29　平八的馬印
2026-04-04	n55f863dc43bb	0	2026/04/04 平八的馬印
2026-04-05	n8b90bb39137f	0	2026/04/05　平八的馬印
2026-04-11	n2afdae630747	0	2026/04/11　平八的馬印
2026-04-12	n4c4d0deea24f	0	2026/04/12　平八的馬印
2026-04-18	nabb295db42bd	0	2026/04/18　平八的馬印
2026-04-19	n036ce48dbcde	0	2026/04/19　平八的馬印
2026-04-25	n8b83e917d038	0	2026/04/25　平八的馬印
2026-04-26	na88734487d85	0	2026/04/26 平八的馬印
2026-05-02	ncff36134b6ca	0	2026/05/02　平八的馬印
2026-05-03	nacb466db913d	0	2026/05/03
2026-05-09	n4fc6b409af69	0	20026/05/09　平八的馬印
2026-05-10	n7ff70fe3ebee	0	2026/05/10　平八的馬印
2026-05-16	na00e4ec39e72	0	2026/05/16　平八的馬印
2026-05-17	n7188f7b58a77	0	2026/05/17　平八的馬印
2026-05-23	n4450b7f65400	0	2026/05/23 平八的馬印
2026-05-24	n16cc7a785981	0	2026/05/24 平八的馬印
2026-05-30	ne858d9e218e7	0	2026/05/30 平八的馬印
2026-05-31	n76db0fb8e73e	0	2026/05/31 平八的　馬印
2026-06-06	n747661f4fc1b	0	2026/06/06　平八的馬印
2026-06-07	n63b1d80003dd	0	2026/06/07　平八的馬印
2026-06-13	nb9218a7c9518	0	2026/06/13 平八的馬印
2026-06-14	nb7804967b7c2	0	2026/06/14　平八的馬印
2026-06-14	n9ee3db6c1697	350	高知ファイナル出してみた
2026-06-16	n0239e9c4ba59	0	バースデー穴馬オプチャ無料案内
2026-06-20	nb3e3c79684ee	350	高知ファイナル
2026-06-20	ne04a25fe52c7	0	2026/06/20　平八的馬印
2026-06-21	n7c977245e7c6	500	2026/06/21　高知ファイナル
2026-06-21	ndbff8a106384	0	2026/06/21 平八的馬印
2026-06-22	n7925aeebf526	1000	2026/06/23～30　穴馬オプチャ
2026-06-27	n2b530054aa56	500	2026/06/27　高知ファイナル
2026-06-27	nd2a99dc7e616	0	2026/06/27 平八的馬印
2026-06-28	n507d4a6b9cec	500	2026/06/28　高知ファイナル
2026-06-28	n0f3e768fdb30	0	2026/06/28　平八的馬印
2026-07-04	n56fe2768f100	350	2026/07/04　高知ファイナル
2026-07-04	nce381cf39554	350	2026/07/04　平八的馬印
2026-07-05	n1e42da8e4190	600	2026/07/05　高知ファイナル
2026-07-05	n5b8445fda954	350	2026/07/05 平八的馬印
2026-07-11	n1adffe06d401	350	2026/07/11　高知ファイナル
2026-07-11	n244d05d83b3a	350	2026/07/11 平八的馬印
2026-07-12	ncca3ab261678	350	2026/07/12　高知ファイナル
2026-07-12	n45cd2b173aec	350	2026/07/12 平八的馬印
2026-07-18	n4bcaf46756e9	600	2026/07/18　高知ファイナル
2026-07-18	n6a7d1bcedf86	350	2026/07/18 平八的馬印
2026-07-19	ne89d8a8308ff	600	2026/07/19　高知ファイナル
2026-07-19	nf055709e9c5f	350	2026/07/19 平八的馬印
2026-07-22	n14cfe0cf3b20	850	うさはちの穴オプ（7/22～7/26）
2026-07-25	n38a3580e0cc2	600	2026/07/25　高知ファイナル
2026-07-25	n6363903dbb6a	350	2026/07/25　平八的馬印
2026-07-26	n11d2c6f89521	500	2026/07/26　高知ファイナル
2026-07-26	n14e570533b18	350	2026/07/26 平八的馬印+穴馬リスト
2026-07-28	n324a6cd496a8	850	うさはちの穴オプ(7/28～8/2)
2026-08-01	nbca4d9555afb	600	2026/08/01　高知ファイナル
2026-08-01	nee2d8e2d2c80	0	2026/08/01 平八的馬印
2026-08-02	n10fca471d7cd	600	2026/08/02　高知ファイナル
2026-08-02	n4a30bebfe10d	350	2026/08/02　平八的馬印
2026-08-08	n5436e8c5baff	600	2026/08/08　一発逆転佐賀ファイナル
2026-08-08	n495fca294306	350	2026/08/08 平八的馬印
2026-08-09	n7d3589da4de8	350	2026/08/09 平八的馬印
2026-08-15	nf944576f5f34	600	2026/08/15　大井最終
2026-08-15	nedcc6e20aebd	600	2026/08/15　一発逆転ファイナルレース×ＳＡＧＡリベン 記者選抜Ｃ１・Ｃ２
2026-08-15	n34e78fa2e7f1	350	2026/08/15 平八的馬印
2026-08-16	n9a9274ae4604	200	2026　ジャック・ル・マロワ賞
2026-08-16	nee4e393546b5	500	20026/08/16　佐賀最終、大井最終セット
2026-08-16	n269a35b235ed	350	2026/08/16　大穴から狙う3場メイン
2026-08-16	na45a853f674f	350	2026/08/16 平八的馬印
2026-08-22	n814c0bc43d3b	350	2026/08/22 平八的馬印
2026-08-23	n8585be2cfbf7	500	2026/08/23　佐賀最終
2026-08-23	n14a18bf20657	400	2026/08/23 平八的馬印
2026-08-24	n4a2368f4b67f	500	2026/08/24　金沢最終
2026-08-25	n5e1d704057c8	500	2026/08/25　金沢最終
2026-08-28	n5f93c9d75fc8	400	2026/08/29 平八的馬印
2026-08-29	ndb44f531f587	400	2026/08/30 平八的馬印
2026-08-29	n634b0496ac08	500	2026/08/29 佐賀最終
2026-08-30	nbff13f3ddcff	0	2026/08/30　佐賀最終
2026-08-31	n16bd8fb106b4	500	2026/08/31　大井11R.12R、金沢12Rセット
2026-09-05	nb3b30b1f9f8f	400	2026/09/05　平八的馬印
